Encryption (second),decryption (second),round trip (second),size (byte),session key generation (second)
0.006445799997891299,0.002448599999996077,0.01338029999169521,1899,0.006062900007236749
0.0005983000010019168,0.0006435999999957857,0.009803199995076284,1899,0.00024760000815149397
0.00047119999362621456,0.0006215999999985797,0.010286799995810725,1895,0.00019160000374540687
0.0004852999991271645,0.0006192000000010011,0.009483500005444512,1891,0.00018789999012369663
0.00045229999523144215,0.0005985000000000582,0.009817899990594015,1899,0.00018239999189972878
0.0006150999979581684,0.0005311000000001513,0.009580199999618344,1895,0.00022159999934956431
0.000516500003868714,0.0007497999999977764,0.010110799994436093,1895,0.00020399999630171806
0.00046209999709390104,0.0005454000000027009,0.010328199990908615,1895,0.00018229999113827944
0.0005708999960916117,0.0006301000000021304,0.009880500001600012,1895,0.00023839999630581588
0.0005994999955873936,0.0006252999999996974,0.010361699998611584,1895,0.00022139999782666564
0.0005506000015884638,0.00048460000000341097,0.01130159999593161,1899,0.00022900001204106957
0.0006081999890739098,0.0005377000000007684,0.012336400002823211,1899,0.0002327999973203987
0.0007172999903559685,0.00043280000000231667,0.009796700003789738,1895,0.00028879998717457056
0.00048290000995621085,0.00069720000000234,0.015746200006105937,1895,0.00019720000273082405
0.0005537999968510121,0.0008029000000024098,0.011022999999113381,1895,0.00020850000146310776
0.000520200002938509,0.0004941999999937253,0.010602599999401718,1899,0.00020369999401737005
0.0005256000004010275,0.0005553999999974622,0.009855199998128228,1895,0.0001970999874174595
0.0004619000101229176,0.0006708999999973458,0.010860700000193901,1895,0.00017349999689031392
0.0004822000046260655,0.0004722000000037951,0.011423799995100126,1899,0.00019270001212134957
0.00044660001003649086,0.0005840000000025611,0.009927199993398972,1895,0.00018080000882036984
0.0004959000070812181,0.0006279999999969732,0.01177060000190977,1895,0.00018930000078398734
0.0005041999975219369,0.0005714999999981955,0.011656599992420524,1895,0.0001973000034922734
0.0005335000023478642,0.0005195999999996275,0.009709899997687899,1895,0.00019069999689236283
0.0005649000086123124,0.0006783999999970547,0.010652500001015142,1895,0.0001821999903768301
0.0004883999936282635,0.0006023999999961233,0.011474700004328042,1895,0.00020310000400058925
0.0005502999993041158,0.0005569000000032247,0.010510200008866377,1895,0.00021230000129435211
0.0008113000076264143,0.0006563000000023749,0.010072500008391216,1895,0.00036869999894406646
0.0005526000022655353,0.00047880000000441214,0.010515600006328896,1891,0.0002077999961329624
0.0004408999957377091,0.0006151000000027125,0.010124699998414144,1899,0.00019049999536946416
0.0008246000070357695,0.0005613000000012108,0.01065039999957662,1895,0.0003718999942066148
